,gang_num_fdijk,worker_num_fdijk,vector_num_fdijk,Mean Squared Calc Time,Mean Squared Rmass Error,Mean Squared Rmom Error,Mean Squared Rener Error
0,275456,1,992,0.0010372065568666,4.5117718337572336e-68,1.9632530994555373e-56,6.854806286154742e-57
1,46080,1,608,0.0008828672129666,5.332962896946993e-68,2.2453843546681204e-56,7.898444337599787e-57
2,353792,1,640,0.0008568137209666,5.269421411699928e-68,2.2692312972600315e-56,7.871825749607604e-57
3,197120,1,64,0.0007872271883666,7.644305907213317e-68,3.146535209699704e-56,1.062067854290125e-56
4,419840,1,544,0.0008461412902333,5.355696101615536e-68,2.284275844717323e-56,7.8356066205131e-57
5,382464,1,576,0.0008540246402666,5.1778668132998805e-68,2.207671080265392e-56,7.636332006243752e-57
6,127488,1,512,0.0009231971608666,5.369677442526938e-68,2.2915600561920608e-56,8.051796562805822e-57
7,260608,1,288,0.0007964982409999,6.182900331420321e-68,2.7409469163671105e-56,8.978320854189829e-57
8,180224,1,96,0.0007903151886666,7.978688996063835e-68,3.2981973328475527e-56,1.0885657781470568e-56
9,197120,1,32,0.0008054541020666,6.904742221284104e-68,3.009262932668368e-56,1.0075211579876129e-56
10,239104,1,64,0.0007865414871333,7.484559855757707e-68,3.1697677793126484e-56,1.0740136926028553e-56
11,172544,1,64,0.0007605046569999,7.236510763409619e-68,3.134645663819659e-56,1.0575718643724332e-56
12,85504,1,160,0.0007359944996666,6.608213649649816e-68,2.6633983162495244e-56,9.144150354535053e-57
13,495616,1,768,0.0010616394378666,4.481299114510426e-68,1.9657768109018374e-56,6.781520173808447e-57
14,212480,1,32,0.0008161870191666,6.816784919973154e-68,3.020450145252734e-56,9.988042070286089e-57
15,216064,1,32,0.0007885236669333,7.033013625922806e-68,3.006253455022687e-56,1.0060667813189563e-56
16,512,1,384,0.0008516424879666,3.35565305274746e-66,2.2758609866220022e-54,3.3664993998310464e-55
17,253440,1,32,0.0007414992474999,7.055463772626223e-68,3.0220202063519796e-56,1.032854094500501e-56
18,172544,1,32,0.0007932286429333,6.980398374591519e-68,2.9953566429989414e-56,1.021926775006955e-56
19,90112,1,64,0.0007714847875999,7.347413147931373e-68,3.110865957859677e-56,1.056698293213315e-56
20,512,1,128,0.0007785587492333,3.476844172329629e-66,2.1715988141800525e-54,3.5350153554311245e-55
21,284672,1,384,0.0008444249996999,5.4502645291479405e-68,2.277471111803355e-56,7.931202468658346e-57
22,512,1,768,0.0010768755901666,3.247603044528814e-66,2.2172108892961882e-54,3.2757361885465316e-55
23,512,1,416,0.0009221467878999,3.3506547471285324e-66,2.2683531433022253e-54,3.362426515884357e-55
24,512,1,32,0.0007848341142333,3.805277937645477e-66,2.293452768500181e-54,3.8031354823452655e-55
25,512,1,224,0.0008381145973333,3.416328814604078e-66,2.3102527499097206e-54,3.4258665903743486e-55
26,87040,1,128,0.0007234446456999,6.725319606189013e-68,2.84365909281508e-56,9.584905276069549e-57
27,51200,1,256,0.0007577090369666,5.768555273398791e-68,2.468256416117527e-56,8.430155616896812e-57
28,32768,1,32,0.0007670388732999,7.0100719049678074e-68,2.9992274446839387e-56,9.9271453607783e-57
29,52224,1,64,0.0007659250801666,7.325784881703763e-68,3.1378371036280125e-56,1.0293385295415985e-56
30,27136,1,32,0.0007675762294333,6.8177034289403095e-68,2.9769144987124787e-56,1.0132857069272692e-56
31,43008,1,160,0.0007208735774999,6.2246381984416295e-68,2.682202116019241e-56,9.197977342581299e-57
32,23552,1,384,0.0007962067665333,5.5271332896004574e-68,2.2974591905951734e-56,8.031016351618785e-57
33,138240,1,576,0.0008800218788666,5.2846785658596005e-68,2.231545210221809e-56,7.703988914013548e-57
34,107520,1,832,0.0010655328132666,4.516118887966933e-68,1.9446377906253824e-56,6.875121626286735e-57
35,3584,1,32,0.0007597214821666,4.303922611345735e-67,2.039623826298523e-55,5.123207963621406e-56
36,512,1,800,0.0011460140725333,3.2547717473203944e-66,2.2141512154226918e-54,3.282864838630423e-55
37,512,1,64,0.0007773155429666,3.263485089733953e-66,1.9784747919769742e-54,3.285345881151628e-55
38,512,1,352,0.0008708075166666,3.3557946487749765e-66,2.26689835003612e-54,3.360519451328298e-55
39,10240,1,128,0.0007243369463666,6.5375181307749875e-68,2.787266932027593e-56,9.376284839319996e-57
40,28672,1,320,0.0007970541382666,6.156915820983904e-68,2.777313538274192e-56,9.266146714478379e-57
41,161280,1,544,0.0008644501432666,5.205643415368888e-68,2.277259745277263e-56,7.948792068558687e-57
42,4608,1,256,0.0007572971152666,1.5868241158141288e-67,7.79915143509262e-56,2.201093238405537e-56
43,21504,1,96,0.0007074718151666,7.527461032405242e-68,3.2712504590858507e-56,1.0525202761806997e-56
44,11776,1,192,0.0007341306714666,5.96762749292378e-68,2.563731820683259e-56,8.839520397703977e-57
45,88576,1,32,0.0007299540472333,6.873358335388411e-68,2.9857390989548317e-56,9.842880308727248e-57
46,2560,1,32,0.0007695798754999,4.138721788239092e-67,2.317962523964398e-55,4.571755475695066e-56
47,118272,1,32,0.0007499403116333,6.908780139870049e-68,3.0196563657906004e-56,9.981894746348835e-57
48,512,1,672,0.0011010806030333,3.252412015287013e-66,2.21315120392636e-54,3.2717421922414025e-55
49,5632,1,64,0.0007520656605666,1.0473815996100315e-67,5.089818841641877e-56,1.3813048062085774e-56
50,87040,1,96,0.0007516790414666,7.373490663310753e-68,3.3169434683280277e-56,1.1034993259566619e-56
51,17408,1,32,0.0007991716332999,6.8191090982271204e-68,2.9906577438885944e-56,1.001783224965994e-56
52,10752,1,64,0.0007685489101999,7.712936666230297e-68,3.129645355075453e-56,1.046316628709961e-56
53,6144,1,128,0.0007704846027666,7.963364105128538e-68,4.009148900793218e-56,1.1396951743491317e-56
54,356352,1,480,0.0008409333930999,5.123743578126192e-68,2.220355585203392e-56,7.811687851815638e-57
55,288768,1,224,0.0007602661202999,6.18530764727509e-68,2.664795920240553e-56,9.110404206132872e-57
56,1536,1,32,0.0007326398181999,7.256522473408373e-67,4.237721486329462e-55,8.491484490278111e-56
57,6144,1,32,0.0007427923526999,8.785828253215129e-68,4.555369320175923e-56,1.2681102095438758e-56
58,61440,1,32,0.0007630145738333,6.6093852554137354e-68,2.9245313659686327e-56,9.946421228338889e-57
59,28672,1,96,0.0007755485011666,7.952997851851984e-68,3.355739293454188e-56,1.117235568919487e-56
60,3072,1,64,0.0007674489380333,2.2346301913036543e-67,9.635826699025495e-56,2.5560010496161404e-56
61,430080,1,544,0.0008879598048999,5.452275953279665e-68,2.2713145207558997e-56,7.871933122681583e-57
62,458240,1,32,0.0007632314776666,6.7316287166730495e-68,2.9640553914822487e-56,9.987645942445705e-57
63,118784,1,512,0.0009057219909999,5.410778568917693e-68,2.2677274139186805e-56,7.856897769528135e-57
64,1536,1,64,0.0007202928131999,6.88951359883643e-67,4.1234295990145486e-55,8.311826182776873e-56
65,137728,1,32,0.0007975370207666,7.1887138788566124e-68,3.0161732844983466e-56,1.021564137270314e-56
66,512,1,192,0.0008084861275666,3.2813984990546963e-66,2.228363447358316e-54,3.3021128083394155e-55
67,2048,1,64,0.0007532682842333,1.4955316468487044e-67,1.604712919692138e-55,2.1576489423573964e-56
68,247808,1,480,0.0008868311896333,5.099267035270589e-68,2.231905529273625e-56,7.877619889908759e-57
69,372736,1,928,0.0010330258230333,4.548393968953486e-68,1.9435810275995957e-56,6.780778406473653e-57
70,250368,1,832,0.0010661710496999,4.393524855239115e-68,1.939213327482241e-56,6.862942992441352e-57
71,1024,1,64,0.0007997615688666,1.0385930671965391e-66,5.286948226389298e-55,9.522933846389148e-56
72,64000,1,32,0.6255766865566665,6.9489833533461555e-68,2.9650658479680865e-56,9.917171930761539e-57
73,29696,1,32,0.0007620824298666,7.0358090440026465e-68,3.0090301920670778e-56,1.0160705109132109e-56
74,416768,1,32,0.0007369378906666,6.970363887491408e-68,2.9936553805197505e-56,1.0096914671952129e-56
75,512,1,320,0.0008581142996666,3.4234026632428915e-66,2.3128111269716126e-54,3.4368012477064445e-55
76,512,1,832,0.0010826652806333,3.26463264474722e-66,2.2209022414272938e-54,3.28677649449986e-55
77,131072,1,32,0.0007502073798333,6.9518247828555496e-68,2.9923974153141684e-56,9.918926540436593e-57
78,470016,1,416,0.0008090665093666,5.54540036680073e-68,2.3054000474699336e-56,7.971794893892758e-57
79,341504,1,640,0.0008488733541666,5.4838292113847005e-68,2.2886885886985817e-56,8.034400813303797e-57
80,238592,1,864,0.0009762082802333,4.55076388782922e-68,1.937652349756873e-56,6.773911068825459e-57
81,71168,1,608,0.0008571373858666,5.2500533254973535e-68,2.2618330359824935e-56,7.759821723276002e-57
82,8704,1,32,0.0007327598991999,6.912685452097902e-68,2.9700509314178648e-56,9.923510572208463e-57
83,512,1,288,0.0008168014506666,3.476755158560272e-66,2.34243611942756e-54,3.513234077076145e-55
84,81920,1,64,9.585807202743364,7.314237633899392e-68,3.1304318440454417e-56,1.0127104796182906e-56
85,512,1,480,0.0010041036867333,3.264471306230048e-66,2.229248122202775e-54,3.2974827171429345e-55
86,278016,1,32,0.0007486818957333,7.129286759907667e-68,2.9761619605714405e-56,1.0246566954009777e-56
87,317440,1,32,0.0007477490542999,7.092924858635689e-68,2.975293200090369e-56,9.996892060134624e-57
88,304640,1,800,0.0009972556348666,4.442091229173214e-68,1.9600465766408014e-56,6.87519964146865e-57
89,367616,1,608,0.0008250261557666,5.340353097860037e-68,2.2282127285510125e-56,7.852438335674835e-57
90,494592,1,64,0.0007499199586999,7.63332455220847e-68,3.1921093440543977e-56,1.0473273073447534e-56
91,142848,1,992,0.0010174744902666,4.3968931073738525e-68,1.9220967088321324e-56,6.766123192060667e-57
92,64512,1,32,0.0007578148712666,6.9373454690006146e-68,2.969411681048678e-56,1.022319139593489e-56
93,512,1,96,0.0007871874738666,3.4349032796080734e-66,2.1176728972158807e-54,3.50552386994574e-55
94,9216,1,32,0.0007511167289333,6.718046390644636e-68,3.020437265122481e-56,1.0217546704363622e-56
95,153088,1,32,0.0007545180938999,7.159650696672797e-68,2.9890661944012164e-56,1.0010116638086016e-56
96,512,1,576,0.0009352941423999,3.2692968669336395e-66,2.226170093284556e-54,3.300454389430378e-55
97,221696,1,32,0.0007535217503999,7.0224041502430775e-68,2.9963028460678722e-56,1.0146037243515519e-56
98,97280,1,768,0.0010050370229333,4.611566118868263e-68,1.944809869421063e-56,6.832344977273435e-57
99,62464,1,608,0.0008312442747999,5.217746144201896e-68,2.2208066276046306e-56,7.74848969318388e-57
100,163328,1,736,0.0010396949134666,4.4358792729228805e-68,1.9467807878457498e-56,6.743923682154439e-57
101,109568,1,768,0.0010098613006333,4.575219557248441e-68,1.9522105812211866e-56,6.882976776937962e-57
102,31232,1,32,0.0007838618755333,6.472096735367206e-68,3.004837238962657e-56,1.001954650206561e-56
103,389632,1,640,0.0008632751635999,5.274513029130949e-68,2.2495575461200187e-56,7.830647490192449e-57
104,285184,1,32,0.0007595707595666,7.243993842459968e-68,3.0423325429325385e-56,1.0441126093296498e-56
105,290816,1,416,0.0008413491139666,5.500659145437954e-68,2.3132969240603065e-56,7.937721481898922e-57
106,81408,1,288,0.0007949984368666,6.349979712183885e-68,2.678441628409243e-56,8.937269513054509e-57
107,197120,1,192,0.0007932252436999,5.693822745423411e-68,2.5498832147320615e-56,8.72268740265373e-57
108,419840,1,96,0.0007394978522666,7.623460913421619e-68,3.3044843022359737e-56,1.0912602786185705e-56
109,33280,1,32,0.0007575230867666,6.8093500891814915e-68,2.9627898075509125e-56,9.850647502956495e-57
110,50176,1,32,0.0007753649834333,6.929586250928238e-68,2.9315252157431977e-56,9.866726356386116e-57
111,79872,1,32,0.0007743518255999,6.739289836188931e-68,2.934072279257955e-56,9.77967619899838e-57
112,76288,1,32,0.0007678867297666,6.984043147294876e-68,2.9981076248667e-56,9.914294570354986e-57
113,50688,1,32,0.0007627529053666,6.6965550476952805e-68,3.0019158559284715e-56,9.785020949558e-57
114,382464,1,512,0.0008718477586999,5.591678045180545e-68,2.2925116196851347e-56,8.073058073089793e-57
115,240640,1,512,0.0008554607501999,5.302749572824665e-68,2.2783172158308117e-56,8.074668129328747e-57
116,512000,1,32,0.0007838459367333,7.1313461949656635e-68,2.9873002778085496e-56,1.005497801966164e-56
117,107520,1,32,0.0007558241348333,7.101549302016652e-68,3.100371616163682e-56,1.0285654246569246e-56
118,12288,1,32,0.0007547098125333,6.748655416000598e-68,3.024831130476305e-56,9.926661101233088e-57
119,11776,1,32,0.0007606950958666,6.904085041456338e-68,2.9872525955542225e-56,9.947074417771213e-57
120,17920,1,160,0.0007195643052666,6.404030087102329e-68,2.671750120548813e-56,9.31966692380502e-57
121,512,1,864,0.0010610676547333,3.2548569842105224e-66,2.217022933897044e-54,3.2746439416676405e-55
122,393216,1,1024,0.0010446045118999,4.42410425821995e-68,1.947821048729241e-56,6.782647230366289e-57
123,374272,1,288,0.0007885174415999,6.324861690079034e-68,2.755262782626184e-56,9.138394223388421e-57
124,161280,1,640,0.0008782807361666,5.420230035902003e-68,2.2851255145039336e-56,7.993678974625282e-57
125,4608,1,800,0.0009153404144333,1.3161135059519212e-67,6.710435212020256e-56,1.8572098287130005e-56
126,356352,1,96,0.0007804987472666,7.745509828740577e-68,3.3022002030311707e-56,1.0911558587848859e-56
127,125440,1,32,0.0007900273730999,6.7340102666917815e-68,2.958872187029838e-56,9.880624348558953e-57
128,61952,1,32,0.0008049591258999,7.113950573451704e-68,2.9958193424833988e-56,9.788854122986172e-57
129,512,1,704,0.0010603969709999,3.244237582007773e-66,2.216271641959528e-54,3.283735577653266e-55
130,360448,1,32,0.0007878593048333,7.044071992625647e-68,2.995787007793332e-56,1.0051522758471877e-56
131,512,1,544,0.0009174551610999,3.296718748331912e-66,2.2261047069618566e-54,3.315621545118763e-55
132,94720,1,32,0.0007734932453333,6.585340608515682e-68,2.956905823801768e-56,9.915294513227369e-57
133,405504,1,224,0.0007562213156999,6.438511188173796e-68,2.7046476953528124e-56,9.103531730271596e-57
134,430080,1,32,0.0007387693155333,7.22321181816928e-68,3.0538923804804197e-56,1.0126581449378703e-56
135,118784,1,832,0.0010390701403333,4.485895579386619e-68,1.946825686713609e-56,6.731718819215464e-57
136,247808,1,704,0.0010579053536666,4.468813901800105e-68,1.934341174442365e-56,6.841989425342901e-57
137,31232,1,64,0.0007533764338666,7.726820184991937e-68,3.1514092221870986e-56,1.046883212510855e-56
138,512,1,256,0.0007988512482666,3.423927447243819e-66,2.3018614804429168e-54,3.412886315255968e-55
139,512,1,160,0.0007976093163333,3.411961795171813e-66,2.256770215609098e-54,3.4737344646196675e-55
140,27136,1,64,0.0007417529622999,7.307992351238269e-68,3.114060846511603e-56,1.036009323962408e-56
141,488448,1,32,0.0007311284098999,6.6517402257956914e-68,2.9873412913347228e-56,1.0148584547318629e-56
142,502272,1,32,0.0007707193131333,6.748647535552137e-68,2.9689419556276373e-56,9.809729897783743e-57
143,248320,1,32,0.0007747995024999,7.032205818043796e-68,2.989692420415536e-56,1.0045091106305504e-56
144,512,1,1024,0.0010732791260333,3.2569488691743534e-66,2.2174001358697615e-54,3.26657324230641e-55
145,372736,1,32,0.0007767827729666,6.753189548026491e-68,3.0019767431381348e-56,9.953106493600705e-57
146,377344,1,832,0.0010456591538333,4.314009513137876e-68,1.9330786267454525e-56,6.763967125173914e-57
147,392704,1,416,0.0008086317285666,5.4141147007827416e-68,2.290891971043884e-56,7.926994493202533e-57
148,341504,1,32,0.0007437455547999,6.869466023813026e-68,2.9801274944529797e-56,1.0184787616735593e-56
149,56832,1,32,0.0007349070622333,7.0176763136194295e-68,3.0266130952791847e-56,1.0182670015662673e-56
150,13312,1,64,0.0007402478290666,7.290122167325078e-68,3.115581230718773e-56,1.0531296412185973e-56
151,62976,1,224,0.0007750533710666,6.30347843892092e-68,2.6901591961894797e-56,9.095694742413513e-57
152,141312,1,160,0.0007568117157666,6.2117871472027586e-68,2.705195276451172e-56,9.324157703085509e-57
153,186368,1,32,0.0007419690486666,6.7267446300180685e-68,2.9899438816752027e-56,1.0154642149179609e-56
154,236544,1,32,0.0007517232589999,7.1844695661464955e-68,2.991210906422385e-56,1.0145760696477253e-56
155,228352,1,576,0.0008343740637999,5.130811623929851e-68,2.208720409161262e-56,7.709641982776464e-57
156,71168,1,32,0.0007709741108999,7.008682298880541e-68,2.999470115285924e-56,1.0203352928181765e-56
157,304640,1,384,0.0007833748966999,5.374035272642431e-68,2.273481641583875e-56,7.944210153997617e-57
158,512,1,608,0.0009152819087999,3.2702239877426155e-66,2.2193800326225577e-54,3.2898067512727826e-55
159,86528,1,32,0.0007792028157999,6.977301904831905e-68,2.966102421586564e-56,9.933358077057517e-57
160,40960,1,96,0.0007218779381999,8.124552607637989e-68,3.3433315135987376e-56,1.0942345452488966e-56
161,237568,1,32,0.0007543092439333,7.0714391868341575e-68,3.0221752721532306e-56,1.0148237738975593e-56
162,271360,1,32,0.0007545396754333,6.845055491255938e-68,2.969237138622627e-56,9.836848078887069e-57
163,197120,1,832,0.0010339508934333,4.386255819017895e-68,1.9358613868276734e-56,6.80901354536416e-57
164,142848,1,704,0.0010231689584999,4.586047856351648e-68,1.9411662356515132e-56,6.856769238126284e-57
165,97280,1,32,0.0007715659733999,6.868303214692056e-68,3.0252897772982784e-56,1.0204667061302342e-56
166,62464,1,576,0.0008310489488999,5.100125377765471e-68,2.2010246644307814e-56,7.722833451139712e-57
167,163840,1,32,0.0007325068647666,6.9466788510983546e-68,3.005036601051042e-56,1.0123276819661757e-56
168,370176,1,352,0.0007940284809999,5.6747195121519385e-68,2.4059406627493427e-56,8.413469266592262e-57
169,25600,1,32,0.0007335117202333,6.8147127339740955e-68,2.951787339846585e-56,9.891113688196205e-57
170,74752,1,32,0.0007472697563999,7.171390955445701e-68,3.013719715097462e-56,1.0129137774766053e-56
171,512,1,736,0.0010668951090333,3.2570361774370285e-66,2.212720710446877e-54,3.273504156827657e-55
172,369664,1,768,0.0010202143850666,4.5229109133623405e-68,1.9506220757389802e-56,6.802625432800617e-57
173,290816,1,32,0.0007457273381999,6.757002692350011e-68,3.019799356407146e-56,1.0203244658991897e-56
174,504832,1,288,0.0007806735299666,6.528972265758212e-68,2.729158319693188e-56,9.158037322027289e-57
175,45568,1,640,0.0008338688450999,5.299875087495792e-68,2.317802346230349e-56,7.957898459102105e-57
176,423936,1,640,0.0008316653405333,5.2493210129581986e-68,2.304548276679721e-56,8.09272673436607e-57
177,269824,1,32,0.0007317375677666,6.9960733849906386e-68,2.9735863550806137e-56,1.0052807095663559e-56
178,8192,1,32,0.0007346396058666,6.955031225139084e-68,3.026814176281413e-56,1.0215115255697209e-56
179,49664,1,32,0.0007325619082333,7.19004423517492e-68,3.03360398634323e-56,1.0219764684429318e-56
180,140288,1,192,0.0007171487931999,5.822718205464487e-68,2.541728757388728e-56,8.714610315566114e-57
181,419840,1,32,0.0007180204836333,7.117222463667633e-68,2.992822788828016e-56,9.920324414154158e-57
182,382464,1,32,0.0007064562347333,6.987096444619347e-68,2.964789841717418e-56,1.0099859136782872e-56
183,127488,1,544,0.0008093708896999,5.371537467477692e-68,2.280491359378613e-56,7.921303801286887e-57
184,510464,1,32,0.0007174998762333,6.980800264050829e-68,3.00647420794606e-56,1.0116349567015112e-56
185,444416,1,32,0.0007595390388333,6.982141059884113e-68,3.016828833089474e-56,1.0127511689249559e-56
186,410112,1,32,0.0007037882543999,7.005298596834965e-68,3.0144394878281496e-56,1.0277064507281666e-56
187,34304,1,32,0.0007580645608666,6.7961218352932774e-68,2.9697049848393924e-56,1.0047985102466399e-56
188,188928,1,32,0.0007519003156999,7.013927218699028e-68,2.9831831710655325e-56,1.0064378287318099e-56
189,291328,1,32,0.0007464706301666,6.830124740665357e-68,2.984884079083712e-56,9.991955572178381e-57
190,28672,1,32,0.0007424473574666,6.883616857261624e-68,2.996212489149259e-56,1.0005621027983636e-56
191,161280,1,320,0.0007784754033333,6.2786999615237125e-68,2.7602465659422924e-56,9.285131119583874e-57
192,114176,1,32,0.0007576601217666,6.706479307485e-68,2.970737191801057e-56,9.780109592764381e-57
193,450560,1,832,0.0010355151079999,4.459275766156366e-68,1.9269346137923618e-56,6.667423321684303e-57
194,350720,1,32,0.0007595884022333,7.227718346074461e-68,3.001285640870573e-56,1.0077291925910089e-56
195,46080,1,32,0.0007755936285666,6.7718069786098305e-68,2.9706372357171107e-56,1.0075599813082485e-56
196,22016,1,64,0.0007324069919999,7.14434956411012e-68,3.1984125567828407e-56,1.0599234205353868e-56
197,45568,1,32,0.0007434035427666,6.7707099436085335e-68,2.9644887778997544e-56,1.0052546629925508e-56
198,133120,1,128,0.0007433849078999,6.929616093088223e-68,2.7866282403609178e-56,9.462887480100081e-57
199,4608,1,32,0.0007776914706666,1.7985373749271943e-67,9.20898655506305e-56,2.475120212304479e-56
200,356352,1,672,0.0010169062961999,4.4938037871286555e-68,1.9624287605422482e-56,6.794861808256576e-57
201,288768,1,32,0.0006986741106999,6.7431650954186214e-68,3.0017157082024396e-56,1.024998339970751e-56
202,208896,1,32,0.0007042794695999,7.001344621998876e-68,3.0026692779781278e-56,1.0104915772605805e-56
203,322048,1,32,0.0006835349172999,7.242430634377774e-68,3.0490946273146084e-56,1.0193533912786324e-56
204,109056,1,96,0.0006824723379333,8.06162770821646e-68,3.2704916996974098e-56,1.0892163624131696e-56
205,142336,1,896,0.0010406765051666,4.453821275824933e-68,1.9312956576561398e-56,6.798411907994697e-57
206,33792,1,128,0.0007545038418999,6.7898034139103845e-68,2.805136059446653e-56,9.437558021072817e-57
207,30208,1,32,0.0007561811259999,6.5656758140865125e-68,3.0009218070282854e-56,1.0173146459203001e-56
208,24064,1,32,0.0007884205636333,6.917812359129702e-68,2.9573247421227244e-56,9.931641364734692e-57
209,118784,1,256,0.0007541006506666,5.9007938616268605e-68,2.5183428190458697e-56,8.541992476601293e-57
210,378880,1,480,0.0008370384145666,5.457908372591001e-68,2.2656726090399525e-56,8.015191132921007e-57
211,372736,1,832,0.0010169730210999,4.5262251360514515e-68,1.948904098872793e-56,6.786770935395967e-57
212,250368,1,576,0.0008470597910666,5.330249079123848e-68,2.2083682739960637e-56,7.687931522581278e-57
213,132608,1,32,0.0007777186425999,6.908202251348347e-68,2.969016003080112e-56,1.0111794538441194e-56
214,365056,1,32,0.0007913297794999,7.0326577156636e-68,2.9815432813575284e-56,1.027113891563709e-56
215,392704,1,256,0.0007746946569666,6.259643026885435e-68,2.5311702530693828e-56,8.706470630251664e-57
216,228352,1,352,0.0007666946268666,5.5882595984920256e-68,2.412975543696356e-56,8.319917599967599e-57
217,184320,1,32,0.0007084389422666,6.648817922348637e-68,2.9437505695083397e-56,1.0006090137890464e-56
218,166912,1,32,0.0007093746489999,6.8532192059396565e-68,2.9970220281931613e-56,9.840348016291815e-57
219,37888,1,32,0.0007116920028999,6.5755012573584855e-68,2.9674924214472317e-56,9.798596843164156e-57
220,497152,1,32,0.0007648840519666,6.4383237641519975e-68,2.9563533871095447e-56,1.0021495025267485e-56
221,272384,1,32,0.0007719151830666,6.916917197201814e-68,2.9284956670682307e-56,9.748668674537076e-57
222,304640,1,32,0.0007464111270666,7.074357516891807e-68,2.9731596661869496e-56,9.949457599933759e-57
223,417792,1,288,0.0007527787954999,6.061400565166978e-68,2.740865857596924e-56,8.931614110677135e-57
224,494592,1,224,0.0007399428710333,6.29224670025959e-68,2.747061274797742e-56,9.404080888594718e-57
225,142848,1,512,0.0008631098627333,5.420511609575697e-68,2.330550243656886e-56,8.104302314167129e-57
226,43520,1,96,0.0007438140477333,7.667978732266251e-68,3.321943665111184e-56,1.082650585994047e-56
227,55808,1,32,0.0007785453693999,7.024616391871215e-68,2.996527405552817e-56,1.0064439615500972e-56
228,23552,1,64,0.0007679867631333,7.541588067102482e-68,3.111631817753313e-56,1.044115520056718e-56
229,88064,1,32,0.0007996527353999,6.6886560142569135e-68,2.9703723031522425e-56,9.889141731811659e-57
230,113664,1,32,0.0007594109730999,6.968075997502936e-68,2.97676518429269e-56,1.0120351178554845e-56
231,173056,1,608,0.0007913735254999,5.2431885161012865e-68,2.23666400444625e-56,7.894744504341484e-57
232,45056,1,32,0.0007350447014333,7.0215699727408355e-68,3.007635864748131e-56,1.0051414879050341e-56
233,434688,1,32,0.0007073108774666,6.82993841439074e-68,2.9833834666993463e-56,1.0073313248025242e-56
234,266752,1,576,0.0008639970318999,5.116502215021727e-68,2.2077973487099655e-56,7.644715768222087e-57
235,246272,1,32,0.0007399111230999,7.1596172262856144e-68,3.066414325819736e-56,1.0293969612136252e-56
236,109568,1,160,0.0007570844407666,6.3679673457745835e-68,2.7095935584735506e-56,9.287304390019689e-57
237,25088,1,32,0.0007262069074999,6.6297962801764375e-68,3.0124067512732868e-56,1.008811217036846e-56
238,23552,1,32,0.0007039463996666,7.041168819391553e-68,2.98548118360068e-56,1.0082065783604681e-56
239,283648,1,32,0.0007281481298666,6.682378926358534e-68,2.9930978104745647e-56,1.005751998324022e-56
240,448000,1,32,0.0007471397413999,6.922287140333427e-68,2.9760734564879215e-56,1.002894160220226e-56
241,512,1,960,0.0010802484236333,3.24973051764426e-66,2.2140242910933932e-54,3.279750563765523e-55
242,230400,1,1024,0.0010533763634666,4.43234412653415e-68,1.9561129695710494e-56,6.759422748490336e-57
243,321024,1,160,0.0007085021099999,6.4721758161273215e-68,2.7064959483356495e-56,9.447680446047118e-57
244,72192,1,32,0.0007092935983666,7.2048932621210675e-68,2.9881142308311626e-56,9.907769743080655e-57
245,57344,1,32,0.0007126802346333,7.041181381754492e-68,2.951660825532406e-56,9.995628181471917e-57
246,4096,1,32,0.0007329217360999,1.260009417271692e-67,1.1751701457427179e-55,1.734312208312822e-56
247,377856,1,32,0.0007601714096666,6.780769386358802e-68,2.9923720895557387e-56,9.954905285406368e-57
248,177152,1,32,0.0007573464923333,6.624800164305575e-68,3.0166678858052784e-56,1.023904079170277e-56
249,256000,1,32,0.0007064440421666,7.0600472744991406e-68,2.9943584323114268e-56,9.9854155886664e-57
250,189440,1,544,0.0007999415425666,5.403648970509567e-68,2.2881932875543215e-56,7.854707942450425e-57
251,188928,1,512,0.0008859840015999,5.502236040034582e-68,2.311637397780153e-56,8.021513190550102e-57
252,67584,1,32,0.0007312196219666,6.9687893692831106e-68,2.9645281728212498e-56,1.0045136199863329e-56
253,90624,1,32,0.0007212039274333,6.956367669446851e-68,3.0091249352979506e-56,9.948582550637522e-57
254,43520,1,32,0.0007315843527333,6.974610679315218e-68,2.954673537754047e-56,9.934789643101359e-57
255,56320,1,32,0.0007642762475333,7.054598478310977e-68,2.990692754431216e-56,1.017613170043104e-56
256,509440,1,32,0.0007405838578333,6.8200214709847165e-68,2.973187286897938e-56,1.0058080113288993e-56
257,417792,1,32,0.0007429423810666,6.72571966624228e-68,2.9680010402349505e-56,1.0154175667078084e-56
258,301568,1,32,0.0007616592678999,6.8968709576668515e-68,3.0421483788681867e-56,1.0231561556592457e-56
259,161280,1,32,0.0007008703283333,6.862992805045166e-68,2.975546614072064e-56,1.0042390636104997e-56
260,179712,1,32,0.0007618716230333,6.7093514763256405e-68,3.0552147221832e-56,1.01362028903428e-56
261,356352,1,512,0.0008546986047333,5.447609399429541e-68,2.2921075531898343e-56,8.037228809735559e-57
262,7168,1,32,0.0007570688279666,2.2061963571801762e-67,8.107171098428717e-56,2.4141677229527497e-56
263,142848,1,32,0.0007628592521666,6.683840225857102e-68,3.017090175800884e-56,9.969959652708059e-57
264,494592,1,32,0.0007778519541666,6.818828578956356e-68,2.9719527113633764e-56,1.0192407868440184e-56
265,340480,1,224,0.0007756367927333,6.485323601404113e-68,2.7134838691244165e-56,9.251746024962898e-57
266,288768,1,544,0.0008416174014999,5.3347194459883015e-68,2.2844742886357373e-56,7.913805100090992e-57
267,65536,1,256,0.0006948343879666,6.213966108675256e-68,2.553487385923237e-56,8.836381191390079e-57
268,118784,1,576,0.0008264143553999,5.306731511785888e-68,2.206753417615288e-56,7.724993519639169e-57
269,330752,1,672,0.0009404293219333,4.565035362810677e-68,1.948866028845629e-56,6.888025264318596e-57
270,44032,1,32,0.0007016290754666,6.809878054619565e-68,2.979324871728709e-56,1.0097226405320627e-56
271,30208,1,128,0.0007033640181999,6.97327276888452e-68,2.816430577718839e-56,9.766519227217097e-57
272,41984,1,32,0.0007214479529999,6.846660617334837e-68,3.006866053808037e-56,1.0046385867731392e-56
273,302080,1,32,0.0007223897858999,7.0800454783570185e-68,3.0039623498852867e-56,1.0053490698143804e-56
274,337408,1,32,0.0007106533123999,7.1783310945542275e-68,2.980894830425672e-56,1.0052245585260305e-56
275,497664,1,32,0.0007070808207666,7.05308454785956e-68,3.0003622073099367e-56,1.0128604941204352e-56
276,328192,1,96,0.0007402677488666,7.756962095478514e-68,3.354676714883953e-56,1.1149793253933274e-56
277,392704,1,864,0.0009812552554999,4.5627527341009774e-68,1.9459398444507997e-56,6.929970377602986e-57
278,47104,1,32,0.0007224666466666,6.8957612468742305e-68,2.9932587672049057e-56,1.0026251368928912e-56
279,28160,1,64,0.0007031994737333,7.303028541005098e-68,3.158355177129597e-56,1.0276500573463869e-56
280,19968,1,32,0.0006923137190999,6.498702360873961e-68,2.9944290869888737e-56,9.764360286564113e-57
281,9728,1,96,0.0007027934816999,7.92118251771408e-68,3.3349917056096357e-56,1.085120572073282e-56
282,40448,1,32,0.0007584023071999,6.7522013910972904e-68,3.0179143569835097e-56,1.0133955578851052e-56
283,84480,1,256,0.0007509817986666,5.878772183460562e-68,2.488706319701689e-56,8.54062989800788e-57
284,512,1,512,0.0009156920686333,3.2892742878991683e-66,2.2258496758881987e-54,3.2874305790518126e-55
285,483840,1,32,0.0007551622186666,7.1223075083547955e-68,2.983259218026167e-56,1.0038082145626252e-56
286,512,1,896,0.0010302944390666,3.241255976037767e-66,2.213768952796164e-54,3.2790931029007195e-55
287,182272,1,352,0.0007722613420999,5.741311216079704e-68,2.4299711711079603e-56,8.401754501793072e-57
288,71168,1,544,0.0008235503280999,5.3165914026195815e-68,2.2870138257840958e-56,7.977599851196643e-57
289,304640,1,448,0.0008233731503999,5.1878840688150304e-68,2.199262433719432e-56,7.802835401565261e-57
290,421376,1,608,0.0008425096836666,5.220467275598072e-68,2.237623519220003e-56,7.828274204068997e-57
291,117248,1,32,0.0007630969799666,6.64626715176841e-68,2.9924632870724466e-56,1.0129271338818922e-56
292,2048,1,32,0.0007215456900666,1.6521596368814776e-67,1.790539913615606e-55,2.3404182672286614e-56
293,16384,1,32,0.0007817634724666,6.670808465300764e-68,2.958696699695019e-56,9.88325749977379e-57
294,512,1,640,0.0009615870632666,3.279898678355884e-66,2.226456969205557e-54,3.304730394328041e-55
295,325632,1,32,0.0007382692698999,6.893854565798393e-68,3.00077439284742e-56,1.0065770422935692e-56
296,57856,1,64,0.0006942138973333,7.316256423300805e-68,3.1572320929187257e-56,1.0598845359413766e-56
297,142848,1,128,0.0007315459591333,6.705371394023785e-68,2.7715156891601694e-56,9.425787330491234e-57
298,97280,1,256,0.0007546078350999,5.891733557679663e-68,2.486363462989692e-56,8.459968796729032e-57
299,225280,1,192,0.0007682342688999,5.70204704322257e-68,2.515151851196716e-56,8.763455525068778e-57
300,23040,1,32,0.0007379087922999,6.8183579788029965e-68,3.002379943640817e-56,9.980462373956197e-57
301,162816,1,672,0.0010111622103333312,4.5213492092361045e-68,1.9588451726070453e-56,6.802567102358344e-57
302,356864,1,736,0.0010165600778333313,4.574725438171571e-68,1.9515915701245797e-56,6.886962156940002e-57
303,125440,1,384,0.0007761675918666644,5.2660945620318634e-68,2.3012156952785605e-56,8.010444844769296e-57
304,173568,1,128,0.0007158532098666642,6.975052204523332e-68,2.795372786888325e-56,9.638590969141448e-57
305,129536,1,672,0.0009875108104999983,4.597557386556613e-68,1.9455650681062507e-56,6.792568387606193e-57
306,340992,1,928,0.0009816026590999981,4.474198604943852e-68,1.92572919018309e-56,6.77415979952815e-57
307,12800,1,704,0.0008893167896666643,4.454177844669669e-68,1.957398046284517e-56,6.783236887312073e-57
308,137216,1,256,0.0007649012538333312,5.960753632313796e-68,2.5145159244987055e-56,8.698125295293668e-57
309,108544,1,768,0.0009941117994999983,4.571086930399084e-68,1.952641213869828e-56,6.858170449966923e-57
310,70656,1,640,0.0008356937503666635,5.399233145920859e-68,2.2758364685437343e-56,8.031875392911116e-57
311,26112,1,704,0.0009131359560666639,4.4878311354319975e-68,1.955547849684678e-56,6.816987227826028e-57
312,16384,1,800,0.000923986541333331,4.533560056131772e-68,1.9704124152666365e-56,6.800921558780434e-57
313,416768,1,768,0.0009789811931999984,4.527840817427008e-68,1.9563565448471372e-56,6.800876125917264e-57
314,135680,1,448,0.0008251262352999972,5.217397265954194e-68,2.1929924469595163e-56,7.636573694453449e-57
315,169472,1,448,0.0008258477579666648,5.143672957018513e-68,2.210277263542005e-56,7.699097098537151e-57
316,109568,1,800,0.0010131028460333316,4.562250115249106e-68,1.9366308702102525e-56,6.785503346810157e-57
317,249856,1,576,0.0008560010023666635,4.841521022803252e-68,2.1987521316085197e-56,7.664721613678528e-57
318,396288,1,960,0.0010494635469333311,4.410625793221748e-68,1.9309245934140137e-56,6.81464244260501e-57
319,5120,1,768,0.0009030513310666648,1.1674280079026623e-67,4.298743928911148e-56,1.3156835414887966e-56
320,446464,1,448,0.0008694120812333309,5.201141913331397e-68,2.2462964169957585e-56,7.763968831431258e-57
321,224768,1,352,0.0007780274700666642,5.7907786206633715e-68,2.46398763176016e-56,8.440767373281247e-57
322,34816,1,32,0.000774198675299997,7.1314438208832875e-68,3.002708116984853e-56,1.0182951210608515e-56
323,19456,1,256,0.0007462987934999978,6.060869140906689e-68,2.4985180441115494e-56,8.601566335262226e-57
324,369664,1,672,0.000982219663199998,4.466762992711062e-68,1.9501482994339356e-56,6.846819327995857e-57
325,316416,1,128,0.0007246409018333319,6.669815339473449e-68,2.8187222405337654e-56,9.617352305280987e-57
326,56320,1,192,0.0007247565364333316,6.134696895522817e-68,2.5618936841143954e-56,8.910287031396884e-57
327,6656,1,384,0.0007633619181999987,1.0780884010662832e-67,4.203684964705522e-56,1.2668601715277063e-56
328,69120,1,128,0.0006993353996999989,6.996102799038852e-68,2.78584869823093e-56,9.441714690582437e-57
329,349184,1,576,0.000854718092766665,5.0906078200330654e-68,2.2288212190375765e-56,7.829475493980922e-57
330,38912,1,992,0.000944636189133332,4.569698580989586e-68,1.9442643285471132e-56,6.887591238775476e-57
331,33792,1,64,0.0007076997915333311,7.803292660815604e-68,3.1276216872453918e-56,1.0452903625507822e-56
332,6656,1,160,0.0007176086244333315,1.295390376936287e-67,5.078417470440064e-56,1.5123983623633904e-56
333,9728,1,128,0.0007436379084666654,6.770758669107296e-68,2.782207655409215e-56,9.699270854204179e-57
334,170496,1,32,0.0007341579647999988,6.9453109798196325e-68,3.0045664143134067e-56,1.0330406177376856e-56
335,139264,1,32,0.0007485447456666653,7.042724042591715e-68,2.9865090908890415e-56,1.010026256717908e-56
336,3584,1,192,0.0007534079437999976,3.4741360833633937e-67,1.6066539187649508e-55,4.0768193906391964e-56
337,34816,1,64,0.0007297626245333313,7.67285898970854e-68,3.1914965453153826e-56,1.0666562948687035e-56
338,57344,1,736,0.0009658126711333317,4.489572801405709e-68,1.9465030627743655e-56,6.806674176446063e-57
339,182272,1,64,0.0007574824673666638,7.549674668264054e-68,3.1526677547222245e-56,1.0499336945776944e-56
340,5120,1,64,0.0007678090897666646,1.6935367849629277e-67,6.383083843508236e-56,1.850804167752418e-56
341,11264,1,32,0.0007421827317666644,6.843385780950398e-68,2.9628974119136287e-56,9.947205269657789e-57
342,56832,1,128,0.0007505200891999987,6.9714297936339904e-68,2.765381236358111e-56,9.546656310958057e-57
343,2048,1,256,0.0007620222702999983,1.273392232642603e-67,1.4637208674605057e-55,1.880998744752177e-56
344,2048,1,128,0.0007695375129666651,1.3800876258292357e-67,1.5129777758665339e-55,1.9988646974514393e-56
345,17408,1,64,0.0007544347069333323,7.608989185385642e-68,3.1817536668988383e-56,1.063322196598537e-56
346,398848,1,832,0.0010529800036999982,4.403592331012668e-68,1.9442883008319826e-56,6.838880246482599e-57
347,355328,1,384,0.000827115281733331,5.549001534250651e-68,2.307581628156737e-56,7.934930771747924e-57
348,441344,1,32,0.0007453643765666648,6.967304647904214e-68,2.9850683544314805e-56,9.878427222391359e-57
349,136192,1,32,0.0007396760498666645,7.086628720240593e-68,2.9908807870475624e-56,9.960464904112938e-57
350,8704,1,64,0.0007320470332333325,7.2175245644232374e-68,3.1508880147970035e-56,1.0563378150207457e-56
351,220160,1,1024,0.0010298226802333312,4.455953128358016e-68,1.9332194308995339e-56,6.74154583208111e-57
352,151552,1,128,0.0007199364634999976,6.910016267850057e-68,2.766120703099183e-56,9.368745695275603e-57
353,54784,1,160,0.0007219966204999983,6.2111990268469206e-68,2.634904854663089e-56,9.328187201708061e-57
354,9728,1,32,0.0007312852273666647,6.923941745226189e-68,3.01543866295305e-56,9.971953420516239e-57
355,4608,1,64,0.0006998916790666651,1.979877500172087e-67,9.444498554868175e-56,2.605249636316912e-56
356,322560,1,32,0.0007178250811666647,7.037539613533513e-68,3.025616063284799e-56,1.0059914462880809e-56
357,215040,1,32,0.0007544830677666646,6.656213494212611e-68,2.964165636373767e-56,9.989816542883617e-57
358,116736,1,32,0.0007265770307999978,6.7243852141080925e-68,2.9765764574905127e-56,1.0074843720006335e-56
359,2560,1,64,0.0007450528880333311,4.1047468535836895e-67,2.6105430616682818e-55,4.744263911760575e-56
360,89600,1,128,0.0007293046696999973,6.994602772873997e-68,2.7829617636009233e-56,9.677318337721111e-57
361,198656,1,1024,0.0010290350555333318,4.503361247505457e-68,1.9305610715702463e-56,6.842611492336548e-57
362,231424,1,192,0.0007281077417666651,5.694222955578673e-68,2.516016910861956e-56,8.548251238799345e-57
363,19456,1,32,0.000736330844366665,7.155179419126487e-68,3.0239221149271007e-56,1.0030521367787406e-56
364,81920,1,32,0.0007211449835999972,6.624252934930218e-68,2.982705185169651e-56,9.933207819328746e-57
365,43520,1,128,0.000704621876966665,6.7252480887313176e-68,2.7652224535921797e-56,9.343310083196237e-57
366,387584,1,32,0.0007269807718666642,6.797019762678531e-68,3.0114001177690085e-56,9.880130465552989e-57
367,512,1,928,0.0010245929627666654,3.23414474460993e-66,2.212895463320006e-54,3.281484774329787e-55
368,162816,1,192,0.0007599216913333309,6.1581855104314026e-68,2.536702926424618e-56,8.701543107261766e-57
369,134656,1,96,0.0007347433717999978,7.910245499891316e-68,3.3274159575360465e-56,1.106120278869291e-56
370,335360,1,96,0.0007399353548999983,7.587449986847857e-68,3.3553905683279887e-56,1.106482130755878e-56
371,231936,1,384,0.0007659094069666642,5.2737350698238666e-68,2.291250967848308e-56,7.859038692552237e-57
372,433664,1,128,0.0007362927100666653,6.683321093362093e-68,2.748200358498306e-56,9.414786104128393e-57
373,287744,1,32,0.0007670682189333315,7.0563383949143565e-68,3.0002656759233107e-56,1.0063193368672585e-56
374,475648,1,480,0.0008057301070999982,5.366863738283341e-68,2.231422468430798e-56,7.800122701795336e-57
375,3072,1,32,0.0007825770827333308,2.206882271283411e-67,9.954910426219434e-56,2.61177412728597e-56
376,293376,1,960,0.000994249346433332,4.391668727011555e-68,1.9363993428531104e-56,6.68346228262265e-57
377,96768,1,896,0.0009855644212333316,4.5254335191276005e-68,1.944976633238591e-56,6.823814516329861e-57
378,47616,1,736,0.0009680262814666646,4.48742753840106e-68,1.9480775896037142e-56,6.895371421776548e-57
379,82432,1,608,0.0008264683271666642,5.149228827538989e-68,2.2044977943788605e-56,7.742466602489264e-57
380,90624,1,160,0.0007709043090666645,6.106417404928357e-68,2.643851477219919e-56,9.187948675441225e-57
381,93696,1,32,0.0007113094758999977,6.968366527139226e-68,2.9882043004961248e-56,1.0137642179461453e-56
382,64512,1,288,0.0007279422191333315,6.421269391759481e-68,2.7562451744372834e-56,9.176224655186048e-57
383,433152,1,128,0.0007357300654333309,6.713985561555912e-68,2.7955381423791505e-56,9.569974973682527e-57
384,416768,1,864,0.001008671262566665,4.5006790017590404e-68,1.961585160074516e-56,6.844823581916317e-57
385,335872,1,416,0.0008201860513666649,5.4332202871477886e-68,2.344466085963601e-56,8.045389931649772e-57
386,99328,1,32,0.0007623831520999981,6.902738149912858e-68,2.9919885625662997e-56,1.0102734105235087e-56
387,169984,1,32,0.0007674490230999988,6.9804683368734174e-68,3.0485435231386482e-56,1.0184837960028484e-56
388,124416,1,800,0.0010041110312333302,4.483750105654668e-68,1.954207651564136e-56,6.867893342286544e-57
389,1536,1,160,0.0007376918668333313,6.672136346900771e-67,4.529736529457183e-55,7.907773789662768e-56
390,232448,1,800,0.0009748328444333314,4.606269556750873e-68,1.9418951031476126e-56,6.852333198422936e-57
391,310784,1,576,0.0008583490734999981,4.951788285671625e-68,2.2180987523615245e-56,7.806326922474324e-57
392,176640,1,960,0.0010055943843666642,4.335268997739299e-68,1.9476030446748701e-56,6.774075851143774e-57
393,5120,1,832,0.0009113155999333309,1.188584445045564e-67,4.275144305643527e-56,1.3197031664621812e-56
394,240640,1,352,0.0007758388512999989,5.6474603190889005e-68,2.4488387179245087e-56,8.330287410911843e-57
395,1536,1,128,0.0007267957327999971,6.821417716992614e-67,4.443756949166913e-55,8.269004288767116e-56
396,42496,1,32,0.0007564932283999978,7.079455697853732e-68,3.009783255868004e-56,1.0159622305828843e-56
397,31744,1,32,0.0007466813448666649,6.936448337281264e-68,3.0280617856172635e-56,1.0138962394327746e-56
398,484864,1,672,0.0010331728454333325,4.664389237460031e-68,1.9686781871375927e-56,6.844617913986909e-57
399,226304,1,128,0.000764022694699998,6.475538190786404e-68,2.77538970523438e-56,9.4864987478442e-57
400,159232,1,192,0.0007862980009999981,5.902368673708986e-68,2.565576844658027e-56,8.727552305221408e-57
401,484864,1,32,0.0007903787190999984,6.732713739772878e-68,2.9755983571176413e-56,9.961970233131467e-57
402,85504,1,32,0.0007890128518666646,7.133903388131716e-68,3.048477170657593e-56,9.985493291804233e-57
403,356864,1,704,0.0010821610734999994,4.500666014138296e-68,1.9342383891101472e-56,6.772278914789506e-57
404,339968,1,992,0.001040503256333332,4.471073611385607e-68,1.9529790635283119e-56,6.843465352342689e-57
405,391680,1,736,0.0010418081536666642,4.419829369067442e-68,1.9373453342059477e-56,6.797258793663593e-57
406,251904,1,64,0.000779237461066665,7.508566852870458e-68,3.1681266426343037e-56,1.0709245070302813e-56
407,67072,1,832,0.001062311294466665,4.567093210431511e-68,1.9330670222247476e-56,6.759316267318703e-57
408,65536,1,32,0.0007736268692999981,6.707868280742499e-68,2.966842162029867e-56,9.791932807839475e-57
409,165376,1,32,0.0007739997901999978,6.904092442881073e-68,3.038119181792331e-56,1.0071824952105975e-56
410,74240,1,32,0.0007730398912666646,7.225688379499438e-68,2.975446082481154e-56,9.971676874285643e-57
411,120832,1,256,0.0007694903747666644,5.911041636718567e-68,2.5240662056174496e-56,8.58138325128093e-57
412,355328,1,32,0.0007938755557999985,7.090619169142862e-68,3.02979218628021e-56,1.0356400436190303e-56
413,220160,1,64,0.0007545662866999981,7.452984234799844e-68,3.077107262111857e-56,1.021812249211784e-56
414,151552,1,32,0.0007737968318666653,7.0352538511243775e-68,2.98550541528793e-56,1.0053569539346718e-56
415,89600,1,320,0.0007890997570999989,6.3275322367877756e-68,2.760954425671333e-56,9.160812602422007e-57
416,20992,1,32,0.0007599557005666651,6.7883856845525596e-68,2.9944024426583756e-56,1.0064592479509907e-56
417,55296,1,32,0.0007492095475666645,7.014773211394052e-68,3.0309928838515845e-56,1.0141153891926204e-56
418,450048,1,1024,0.0009603838295999975,4.527090680757136e-68,1.950851787994928e-56,6.762706475987023e-57
419,231424,1,32,0.0008011724910999984,6.965005824743302e-68,3.0174938930645984e-56,1.0155486344825355e-56
420,162816,1,1024,0.0010216696183333314,4.501767944253952e-68,1.9427899723110332e-56,6.686599349053653e-57
421,134656,1,1024,0.0010374160756333314,4.499142501411371e-68,1.9449526566964819e-56,6.798404961349706e-57
422,186880,1,32,0.0007611660249333318,6.952085735056213e-68,2.997562929081553e-56,1.0059504311922103e-56
423,62976,1,32,0.0007606323182999981,6.691743795915414e-68,3.0007366783149843e-56,9.96970745764913e-57
424,65024,1,128,0.0007296706540999985,6.720220421817125e-68,2.7399865875731668e-56,9.430010537874589e-57
425,335360,1,32,0.0007378826296999986,6.596857444817184e-68,2.969523399189912e-56,9.934269280868122e-57
426,231936,1,1024,0.001029241250233331,4.546975205710318e-68,1.9605074085421278e-56,6.836139056892391e-57
427,455168,1,32,0.000748379793966665,6.863402627936701e-68,2.9678082287064944e-56,1.005613579737884e-56
428,54272,1,32,0.0007636370234666652,6.971758079129068e-68,3.005018039061327e-56,1.047314316223628e-56
429,408064,1,416,0.0008397928072666651,5.202140282466164e-68,2.2697520655562346e-56,7.635330532313005e-57
430,177664,1,32,0.0008080585874999974,6.779727420342193e-68,2.9825943657445e-56,1.0024206759341788e-56
431,369152,1,736,0.001051603111666666,4.543329264846651e-68,1.971706605261445e-56,6.819804445576807e-57
432,7168,1,128,0.0007813879853666649,1.9965168941932166e-67,6.717663254821275e-56,2.039922376390592e-56
433,416768,1,96,0.0008002677728999971,7.944769970353636e-68,3.325302713235598e-56,1.1178482629972368e-56
434,235520,1,32,0.0007837162937999981,6.88295237582952e-68,3.009523689220797e-56,1.0136807425142738e-56
435,42496,1,96,0.0007754702957333315,7.73471490385363e-68,3.2624816464546436e-56,1.0827150918333402e-56
436,34304,1,64,0.0008137694294333313,7.3101417276235825e-68,3.137767546781742e-56,1.0481343690785053e-56
437,135680,1,672,0.0010459887191333315,4.358679327775809e-68,1.941322383946674e-56,6.75782491584876e-57
438,99328,1,672,0.0010262350154666647,4.527946532194799e-68,1.9566877313078428e-56,6.908349969022796e-57
439,126976,1,800,0.001032907358633332,4.429514395219299e-68,1.935162489275251e-56,6.703807736280239e-57
440,249856,1,32,0.0008084487402666639,7.268903559939934e-68,3.072062663550762e-56,1.0292869253974346e-56
441,421376,1,32,0.0007877955179999978,6.8806517905246046e-68,3.0168129398278533e-56,1.0164815632761943e-56
442,140288,1,32,0.0008009386257999974,6.8601150615550866e-68,2.9577492393578553e-56,9.939644619789957e-57
443,12800,1,32,0.0007671073577333316,6.64057742009325e-68,2.974636865884638e-56,1.0053744376276122e-56
444,44032,1,64,0.000772298152933332,7.702824137033246e-68,3.141106245453288e-56,1.0468677503155296e-56
445,161792,1,32,0.000813380931599998,6.7646174879047955e-68,2.9866727139413085e-56,1.0098275229621159e-56
446,306176,1,32,0.0007777761043666658,6.882773610454517e-68,3.025643596937042e-56,1.0112356456519729e-56
447,5120,1,1024,0.0009871111880999982,1.1758944824358793e-67,4.303714388978101e-56,1.32975093002036e-56
448,382464,1,672,0.0010817593347333327,4.6031912537204585e-68,1.9770986025112794e-56,6.936188219476768e-57
449,388608,1,32,0.0007946494882333312,6.946754228084819e-68,3.0071448752461024e-56,1.0031209325315577e-56
450,17920,1,32,0.000796673169999998,6.985256846595815e-68,2.970044238703125e-56,1.0101020414000578e-56
451,104448,1,32,0.0008167742653333313,6.8959857654982846e-68,3.0011128940847906e-56,1.0316647265112138e-56
452,307200,1,32,0.0007964052537999976,7.2100779354934e-68,3.0186274011922407e-56,1.0193996558834219e-56
453,349184,1,160,0.0008034406511666651,6.300026268481078e-68,2.6445818688197324e-56,9.03121088734448e-57
454,195072,1,256,0.0007969796562666648,6.033495833169192e-68,2.5309620884355693e-56,8.727898205501827e-57
455,112128,1,736,0.001059447515999999,4.481469263843874e-68,1.9353865105157778e-56,6.805597626882111e-57
456,142336,1,128,0.0008225801142999979,6.6669987062044904e-68,2.789773044121847e-56,9.547257189863616e-57
457,381440,1,32,0.0007868024629666648,6.8816935387852295e-68,3.012141434706009e-56,9.979774673207416e-57
458,263168,1,32,0.0008163230182333304,7.087361053199124e-68,2.966814772519837e-56,1.0040981185300281e-56
459,41472,1,32,0.0008154164760666645,6.837814272361954e-68,3.0579196811428763e-56,1.0244404849663468e-56
460,29184,1,32,0.0007799605076333312,6.855080814433475e-68,3.0154667204843875e-56,1.022386252416859e-56
461,457216,1,32,0.0008196294709666644,7.05665551419524e-68,3.034140748779509e-56,1.014980964044913e-56
462,67072,1,32,0.000822205150933331,6.794399382375742e-68,2.9928157129520566e-56,9.916626403729183e-57
463,15872,1,32,0.0007697419045333314,6.715504239807622e-68,3.0214162437427063e-56,9.887835789475636e-57
464,220160,1,832,0.001049133879066665,4.460184247320001e-68,1.9256893947337855e-56,6.757697655344519e-57
465,211968,1,928,0.0010576448953999982,4.534644509180391e-68,1.9383059601909428e-56,6.689389818253984e-57
466,49664,1,96,0.0007179782712999988,7.654108484006022e-68,3.291387835298266e-56,1.0762136253403747e-56
467,57344,1,64,0.0008063722178666647,7.616167937781715e-68,3.149389812934524e-56,1.0429152301481106e-56
468,151552,1,1024,0.0011072098606666654,4.551178064482479e-68,1.9353900369023941e-56,6.784271698698926e-57
469,40448,1,128,0.0007617800965333313,7.055533885479462e-68,2.8647687499633524e-56,9.852544038711463e-57
470,111616,1,1024,0.001054754429033331,4.480644265472253e-68,1.9416007840673046e-56,6.797930848750685e-57
471,181248,1,32,0.0007765970397333316,6.743558228508463e-68,2.93719357457646e-56,9.898603386302061e-57
472,91136,1,32,0.0008172224593999979,7.235509694016742e-68,3.04699579762542e-56,1.0177241033485399e-56
473,104960,1,32,0.0007794912936333311,6.724652679463401e-68,2.996661430141717e-56,9.853654757208353e-57
474,44032,1,96,0.0007920915246666641,7.511029832079783e-68,3.304891115997438e-56,1.0795438218403397e-56
475,30720,1,32,0.0007873290719333316,7.13757477228747e-68,2.9948913977454996e-56,1.0466926866701113e-56
476,27648,1,32,0.0007868483919999978,6.7884573692563254e-68,2.9983440914008226e-56,9.910191980672593e-57
477,162816,1,32,0.0008034422679999981,6.984190774699752e-68,2.937933356145751e-56,9.945986236487837e-57
478,285696,1,320,0.0008484385339999976,6.339168984216797e-68,2.7773307324421893e-56,9.183551613306052e-57
479,449536,1,32,0.0008034162169333305,6.860260436884338e-68,3.0194717953791025e-56,1.0113215898486211e-56
480,51200,1,32,0.0007831658814999979,6.871779953575063e-68,2.9689755964932765e-56,9.918069720970881e-57
481,499712,1,32,0.0008128625060666639,6.91361386892785e-68,3.0160187520001085e-56,1.0403960154078733e-56
482,397824,1,544,0.0008911167832333319,5.40774202877003e-68,2.2742402071275166e-56,7.943268043497842e-57
483,280064,1,704,0.001094953357433332,4.480436375526924e-68,1.9431169616091552e-56,6.794512375525006e-57
484,90112,1,32,0.0008009487315666648,6.990801215125157e-68,3.012105386840439e-56,9.855697410615503e-57
485,231936,1,64,0.000779620951999998,7.461880514576523e-68,3.1493651769908983e-56,1.0603478601040364e-56
486,164864,1,32,0.0008060769008999975,7.146352058186926e-68,2.980786502204828e-56,9.96382568572252e-57
487,139776,1,32,0.0008095808402666644,6.993116261651604e-68,3.024327609251962e-56,9.997318148883341e-57
488,351744,1,736,0.0010334276689666654,4.438158797245248e-68,1.9569045471116863e-56,6.84606775517353e-57
489,32768,1,384,0.0008233016713999973,5.341573872052653e-68,2.293154374125181e-56,7.858145966477772e-57
490,7168,1,1024,0.0009674320630333315,1.5746244393506965e-67,5.33183945320719e-56,1.6403499745229882e-56
491,416768,1,480,0.0009232130912333314,5.35607333247933e-68,2.254965857777619e-56,8.028342768523877e-57
492,165376,1,928,0.0010609639984999982,4.498039396969235e-68,1.9389913679572884e-56,6.792655618416935e-57
493,282624,1,416,0.0008095594940666654,5.090068619943572e-68,2.296007929192738e-56,7.890234456572558e-57
494,58368,1,32,0.0007542193281666634,7.030832995885472e-68,2.9875561435001613e-56,9.831422502692719e-57
495,22016,1,32,0.0007996143319333325,6.7673305163201096e-68,2.971081226956054e-56,9.958810868759708e-57
496,112128,1,128,0.0007786384688999973,6.63040611487107e-68,2.8013463587765167e-56,9.601350771328465e-57
497,483840,1,192,0.0007834610846333311,5.949124380698649e-68,2.5560973460878433e-56,8.797388664744548e-57
498,116224,1,320,0.0007757911184666649,6.183388772891092e-68,2.7593579860174156e-56,9.228568858036535e-57
499,82944,1,32,0.0008085946862999976,6.961075761295006e-68,2.9792257555466013e-56,1.0128230892370834e-56
500,1024,1,32,0.0007877020533333316,1.21959121532629e-66,6.1117869172453926e-55,1.0855696659932832e-55
501,308736,1,64,0.0007707384839999977,7.773053301342387e-68,3.133139970773612e-56,1.055815657195122e-56
502,59392,1,32,0.0007740214118333304,6.867182242358181e-68,3.0013700959628138e-56,1.0300843936418257e-56
503,63488,1,32,0.0007994421974999983,6.895150876447979e-68,3.0208331933784777e-56,1.0093500722425425e-56
504,210432,1,32,0.0007798479712333317,6.919121040964818e-68,2.9491997375990403e-56,9.961487263497112e-57
505,5120,1,992,0.000956646746566664,1.1734006791663353e-67,4.334971866994009e-56,1.3130500186304166e-56
506,369664,1,832,0.001016491573233331,4.435055296587739e-68,1.944554276834436e-56,6.796597195528356e-57
507,226304,1,1024,0.0010310697878666642,4.458914843916699e-68,1.9504172855994525e-56,6.801474127347211e-57
508,282112,1,32,0.0007822454688999977,6.765998399624945e-68,2.9868949682895754e-56,9.907152057529373e-57
509,199680,1,32,0.0007928484581666647,6.809823787033031e-68,3.0082642488837813e-56,1.0239459136686271e-56
510,307200,1,288,0.0008109477730666638,6.3103213167794884e-68,2.727034570156329e-56,8.952651803440966e-57
511,349184,1,32,0.0008173087122999983,6.8454906063135684e-68,2.988693273977787e-56,1.0102067112684572e-56
512,143872,1,992,0.0010490098173666662,4.490803563589483e-68,1.9485807718230203e-56,6.793468642630511e-57
513,423424,1,32,0.0008012774182999972,6.964999216219506e-68,3.025915800161198e-56,1.0277898276228527e-56
514,512,1,448,0.0010191861217333314,3.284283126701708e-66,2.2279517867114663e-54,3.3136910295360905e-55
515,71680,1,32,0.0007982199687999977,7.141507380399251e-68,2.989179619561746e-56,1.0158142370685439e-56
516,74752,1,128,0.0007913821419666644,6.972588146609898e-68,2.79660073997471e-56,9.467950377231041e-57
517,182272,1,608,0.0008493524154333312,5.495308546541271e-68,2.2634926403886656e-56,7.917927023471108e-57
518,59904,1,32,0.0007734092945333304,7.3853289793495806e-68,2.9735532965415446e-56,1.0006233255868058e-56
519,15872,1,96,0.0007815629352999979,8.198593422206651e-68,3.297664709361696e-56,1.0784231228713898e-56
520,220160,1,384,0.0008397219224999981,5.299022407548934e-68,2.3119521957502503e-56,8.024833690370911e-57
521,132096,1,32,0.0008346014715666651,6.768387306530272e-68,2.9910983486491265e-56,1.0016665143512192e-56
522,243200,1,32,0.0008086170156999981,7.040209341241104e-68,3.016120162698334e-56,1.0073506367866786e-56
523,45056,1,128,0.0008043898247666648,6.9103376988370705e-68,2.809558396682565e-56,9.715801485632903e-57
524,16384,1,64,0.0007797786993999974,7.965065180497148e-68,3.173572551312739e-56,1.0646254100177851e-56
525,2560,1,96,0.0008193723151666646,4.244913128108186e-67,2.664802510411537e-55,4.958015041717315e-56
526,14848,1,32,0.0008052813244666649,7.1182120813217884e-68,3.0121473613392783e-56,1.0371170921832374e-56
527,458752,1,32,0.0008012323196666647,7.025355842543334e-68,2.988937045085942e-56,9.957019555165265e-57
528,512000,1,128,0.0008150548311999975,6.650367884311955e-68,2.7256259859875498e-56,9.3828716689366e-57
529,328192,1,1024,0.0010460221644999978,4.496861340942608e-68,1.9311562909687859e-56,6.809876674236981e-57
530,129536,1,32,0.0007740490939666645,6.711822079814427e-68,2.9810149745450126e-56,1.0200879048722053e-56
531,13824,1,32,0.0008032792202666643,7.087529288339373e-68,3.0393707710082487e-56,1.0234599876308534e-56
532,134656,1,448,0.0009136095757666639,5.405360263362704e-68,2.239622048674314e-56,7.76356177966927e-57
533,168960,1,32,0.0008010586500999979,7.186098498338064e-68,3.0109094913852383e-56,1.0027047357847754e-56
534,241152,1,64,0.000749060843199999,7.679859621318388e-68,3.2021941446332226e-56,1.075212289919719e-56
535,242688,1,32,0.0007469128164999982,6.691829880696024e-68,3.004430178763006e-56,9.998236865985573e-57
536,512,1,992,0.0011365837617333314,3.2478230519866553e-66,2.2156146859143947e-54,3.2806813224114274e-55
537,26624,1,32,0.0008061080454333308,7.042299633239403e-68,2.997567433031249e-56,9.979411652203683e-57
538,39936,1,32,0.0008004714935999978,6.951853485046891e-68,2.9633361407782834e-56,9.911067969006929e-57
539,300544,1,32,0.0008153424192999975,7.038204058473518e-68,2.968491347042243e-56,9.981800459799691e-57
540,54272,1,768,0.0010199918471999983,4.5345868616078474e-68,1.962517809325828e-56,6.839754340613686e-57
541,47616,1,64,0.0007906582724666648,7.570448670278193e-68,3.1689367000247046e-56,1.0557943859764502e-56
542,164864,1,512,0.000890998780466665,5.107690020239512e-68,2.272116711968076e-56,7.979366316595941e-57
543,348160,1,32,0.0008201616311333323,6.922222843570424e-68,3.0120241172890366e-56,1.0006580920163101e-56
544,10240,1,32,0.0007817887628999976,6.874491730914494e-68,3.0245046086840785e-56,1.0290295023183718e-56
545,261632,1,128,0.0007891217618666639,6.553125079749756e-68,2.754117477504621e-56,9.479139788036535e-57
546,250368,1,96,0.0007968170276666655,7.730573635172859e-68,3.3313321757295825e-56,1.085285531822054e-56
547,245760,1,32,0.0007733472639999986,6.630756217694977e-68,2.9756957529133563e-56,1.0034711346760652e-56
548,99328,1,128,0.0007631448755333317,6.792813467877061e-68,2.7829527416806386e-56,9.655082175658023e-57
549,310784,1,32,0.0007791948854999971,6.90268343078194e-68,2.9759472575918707e-56,9.798363480371708e-57
550,19968,1,128,0.0007617823718999977,6.855459914831882e-68,2.7574378487824067e-56,9.43905966069299e-57
551,45568,1,64,0.0007927814413333307,7.339343676247471e-68,3.125942447164738e-56,1.0679636403424279e-56
552,18432,1,256,0.0007899898671999976,6.264545268735491e-68,2.556045171736209e-56,8.765263247404304e-57
553,60416,1,32,0.000809470214366665,6.915880873454136e-68,2.9547224040356593e-56,1.022597181533753e-56
554,82432,1,32,0.000789492017866664,6.909140286811027e-68,2.9908346155742483e-56,1.024044238245029e-56
555,175104,1,64,0.0008081045032333301,7.578923034461392e-68,3.122186813507103e-56,1.0493793992617642e-56
556,222720,1,32,0.0008002658776333313,6.7281905766457584e-68,2.9698027770929716e-56,9.820261506378393e-57
557,428544,1,32,0.0007931285526333319,6.654222733707705e-68,2.976960330541096e-56,9.883496962959495e-57
558,189952,1,864,0.0010435437451999992,4.4525251520367565e-68,1.9432351622247105e-56,6.768189099310223e-57
559,122368,1,672,0.0010436150787666654,4.530967218750053e-68,1.9543968938786834e-56,6.809461729921858e-57
560,226304,1,32,0.0008184777081333305,6.744600293381959e-68,2.9796718653269443e-56,1.0110879035195918e-56
561,453120,1,64,0.0008008432352333318,7.377841549455107e-68,3.1178884404480553e-56,1.0662809658004605e-56
562,148480,1,64,0.0007843135066999982,7.653183959375806e-68,3.1736678735619215e-56,1.0712332901450694e-56
563,217088,1,32,0.0008015951886666649,6.915228516007371e-68,2.9677774813045957e-56,1.001151996022629e-56
564,404992,1,512,0.0009010804820666643,5.464786888448746e-68,2.3037916556469487e-56,8.004762770415212e-57
565,496128,1,32,0.0008008845214666651,6.864086263631141e-68,3.047646691460842e-56,1.0129159821035359e-56
566,120320,1,32,0.000792999272399997,6.866055367910793e-68,2.9781589349026966e-56,1.0359653179178134e-56
567,36352,1,32,0.0007936663424999986,6.957392526603678e-68,3.009614685269384e-56,1.0009857683883883e-56
568,303104,1,96,0.000777896704933332,7.816252837979026e-68,3.33728931048671e-56,1.1036836747094276e-56
569,275968,1,32,0.0007772953097333305,7.02089100610056e-68,3.0045411324537465e-56,1.0048224999623441e-56
570,222208,1,64,0.0007751085382999971,7.336368335993079e-68,3.107509114354332e-56,1.0454490891270594e-56
571,173568,1,640,0.0008906808389999982,5.219061246452655e-68,2.286527296682418e-56,7.846024489322204e-57
572,328704,1,32,0.000763729471499998,6.965054082842795e-68,2.9599871404825293e-56,9.894787272528317e-57
573,129536,1,128,0.0007358539305666642,6.637248361143515e-68,2.7755459689582035e-56,9.771404941010043e-57
574,503296,1,384,0.0008436432002333313,5.359014105553182e-68,2.299828051940019e-56,7.960904024692281e-57
575,15872,1,64,0.0007569483252999977,7.460562315796135e-68,3.100819579318354e-56,1.048853060182683e-56
576,220160,1,96,0.0007623552616333317,7.647082347982299e-68,3.2677574397474035e-56,1.0878305031130449e-56
577,35328,1,32,0.0007983405902666645,7.041816507875217e-68,3.0236027715923264e-56,9.898029646057296e-57
578,32256,1,32,0.0007829633611333314,6.961539496761393e-68,3.0282443269042707e-56,9.936994832006483e-57
579,200704,1,32,0.0007589539366333319,6.84978300057499e-68,2.975266904361433e-56,9.898888932046201e-57
580,111616,1,32,0.0007725295181333308,6.715464257298109e-68,2.964087348291008e-56,9.962443333664921e-57
581,98816,1,32,0.0007708044977999976,7.121803123087315e-68,3.0102852643576216e-56,9.87149885667494e-57
582,129536,1,64,0.0007942317786999983,7.384091023251207e-68,3.124174974516547e-56,1.045972756691026e-56
583,290304,1,32,0.0007722501044333311,7.131302128439007e-68,3.0078148257128582e-56,1.0148218460569422e-56
584,134656,1,704,0.0010633589791333312,4.54127057908822e-68,1.941425060217863e-56,6.785733150303947e-57
585,90112,1,384,0.0008174477834999981,5.459869858616947e-68,2.3242323043486437e-56,8.098174380009598e-57
586,68096,1,32,0.0007547054981999988,6.590998209254157e-68,2.97797156985871e-56,9.806111449698899e-57
587,334336,1,32,0.0007936109967666643,6.7637036861141804e-68,2.975157294386099e-56,9.765628164826244e-57
588,241152,1,32,0.0008051005010999971,7.021834264236898e-68,2.999063812983433e-56,1.0179505229082407e-56
589,182784,1,32,0.0007720865793666642,6.910861450458371e-68,2.989067502768123e-56,1.0084161838561766e-56
590,198656,1,32,0.0007821971374666639,6.890726438158983e-68,3.068922433820627e-56,9.845293398098991e-57
591,47616,1,32,0.0007590858393333312,6.854961991042362e-68,3.008168043542332e-56,1.0214380412262526e-56
592,110080,1,64,0.0007545464881333316,7.0917069373771754e-68,3.1105717403824496e-56,1.0519717179893574e-56
593,135168,1,32,0.0007884240598666644,6.696717269837514e-68,3.0512424334282895e-56,9.954545757854814e-57
594,32768,1,192,0.0007999399366666644,5.914759407325029e-68,2.5551074248509018e-56,8.802843544723838e-57
595,28672,1,192,0.0007817544715333313,5.881600660687601e-68,2.557298229017962e-56,8.802213910154944e-57
596,37376,1,32,0.0007960252259666648,7.07627542883187e-68,2.9959979888496734e-56,1.008535116187028e-56
597,354304,1,32,0.0008003786293999983,6.673202507261289e-68,3.0106911847583713e-56,9.951966443905012e-57
598,178688,1,32,0.0008008540131999988,7.229315883452961e-68,3.010287463826407e-56,1.0011218136540408e-56
599,247296,1,384,0.0008513339657333322,5.67216415499934e-68,2.3348239399669702e-56,8.058687503432385e-57
600,202240,1,480,0.0008862081672333305,5.222293604905069e-68,2.2515519350753057e-56,7.919594033595004e-57
601,219136,1,96,0.0007899362758333315,7.504177833210497e-68,3.258467008074054e-56,1.0832280924693567e-56
602,129024,1,32,0.0008113701482999982,6.882451589868349e-68,3.032995254525661e-56,1.0125954301048332e-56
603,99328,1,64,0.0008119395671666654,7.178665415972085e-68,3.1638606372972694e-56,1.0479338205370605e-56
604,392704,1,32,0.0007910385514666646,6.9318426454286795e-68,3.0219883580113583e-56,9.938324110365777e-57
605,34816,1,160,0.0007415482357666638,6.5183313857300685e-68,2.6994428829817306e-56,9.175667610972285e-57
606,175104,1,32,0.0007911414320999986,7.114023553695792e-68,2.9695207914347455e-56,1.035444564986717e-56
607,381952,1,32,0.0008008514305999988,6.739192394709782e-68,2.9813620787598844e-56,9.957799590103797e-57
608,139264,1,896,0.001057253515033332,4.5206804608332915e-68,1.951370326179999e-56,6.78704102601158e-57
609,380928,1,32,0.0008160547691666645,6.838584720760228e-68,2.957508414165707e-56,9.917066297371417e-57
610,210432,1,64,0.0007673745409333314,7.476811254770883e-68,3.1636424793324264e-56,1.051045004127391e-56
611,152064,1,768,0.001035377902533332,4.566524935744617e-68,1.9509858217550386e-56,6.794422405563309e-57
612,122368,1,32,0.0008095565819999979,6.7795511704563364e-68,2.9930788531082303e-56,1.000832342840173e-56
613,319488,1,32,0.0008007024550666642,7.043660259366331e-68,2.9577271311019967e-56,9.771019269485918e-57
614,347648,1,32,0.0008197110063999984,7.003875803558576e-68,3.0237304933342864e-56,1.028756293114789e-56
615,77824,1,32,0.0007468784824333315,7.101259790367983e-68,3.0196901086823174e-56,1.0170212439626245e-56
616,14336,1,32,0.0007593669359999977,6.876355724254396e-68,2.981126420344198e-56,1.0093558575048687e-56
617,223232,1,32,0.000793037264299997,6.845578699418921e-68,3.0123693150798513e-56,1.0016284189833312e-56
618,148480,1,32,0.0007694214223333308,6.914448911264823e-68,3.0545446654267964e-56,1.0031853744057452e-56
619,303104,1,32,0.0007695726976999978,7.177887582469539e-68,3.007297225844221e-56,1.0043420201342722e-56
620,95744,1,32,0.0007905062619333301,7.10656220082357e-68,3.0059470465601056e-56,1.0142631593568134e-56
621,486912,1,32,0.0007346052436333311,6.70272794651324e-68,2.9933836316982814e-56,1.0040049057792575e-56
622,182272,1,96,0.0007502604338333314,7.872549047598164e-68,3.2642433521015576e-56,1.07537505665027e-56
623,159744,1,32,0.0007471998199999974,6.822779149417967e-68,2.9669194964022767e-56,1.0010534215520346e-56
624,246784,1,32,0.0007652029003333313,6.852040472206843e-68,3.0069639847034484e-56,1.0225804073675125e-56
625,220160,1,32,0.0007966486533666641,6.9445324628714264e-68,3.034305771871904e-56,1.0130038640542561e-56
626,424960,1,32,0.000768220438799998,7.050896814055913e-68,2.9639470528520916e-56,9.838952909540108e-57
627,225792,1,32,0.0007721331024333312,7.019645939459298e-68,3.0332014419350126e-56,1.0014199908846977e-56
628,507392,1,32,0.0007639301277666649,6.8688285333367165e-68,3.0167631446821073e-56,9.841557719781469e-57
629,24064,1,128,0.0007850535814333314,6.563811631509739e-68,2.7994644085403982e-56,9.454828498291635e-57
630,151552,1,96,0.0008018866542999984,7.42490258836942e-68,3.2489057795509854e-56,1.0821915027810547e-56
631,122880,1,768,0.0010325559462333299,4.566546003777118e-68,1.9659876951798268e-56,6.862158153721116e-57
632,116224,1,32,0.0007947121641333313,6.6036059850951555e-68,3.008257924945234e-56,9.908911018635626e-57
633,126464,1,32,0.0007637408767999974,6.863903230989238e-68,3.012787609670237e-56,9.934214616793958e-57
634,237056,1,32,0.0007888800328666648,7.141997814381292e-68,3.0067348375005867e-56,9.879952057907638e-57
635,369664,1,32,0.0008030967327333314,6.8503949113700495e-68,3.0318300974690462e-56,9.957655147785831e-57
636,52736,1,32,0.0007938802192999974,6.64580033284219e-68,2.938247175727136e-56,9.906068643288708e-57
637,134656,1,32,0.0007400678664333312,7.158973704519907e-68,2.9799644160601472e-56,1.0402009532300984e-56
638,152576,1,32,0.0007655628344666645,6.949236240993078e-68,2.9902530567762478e-56,1.0072683591828064e-56
639,502784,1,32,0.0007792443295999983,6.994905218402585e-68,2.9799814499951583e-56,9.961803387256729e-57
640,450048,1,32,0.000789688641966665,6.9725244911101514e-68,2.9590117771788015e-56,1.0107429640881713e-56
641,94208,1,32,0.0007870489721666642,6.888391846336946e-68,2.997897151003298e-56,9.996559584931784e-57
642,87040,1,32,0.000753053957666665,6.63023992236261e-68,3.015031442510254e-56,1.0054409354856995e-56
643,38912,1,128,0.000765933814333332,6.766482285822756e-68,2.819488818109703e-56,9.65701701581689e-57
644,106496,1,32,0.0007742685797999977,6.708636914507192e-68,2.987993436975039e-56,9.989548028759393e-57
645,138240,1,384,0.000800112394533332,5.3328270292070826e-68,2.301359717376552e-56,7.951112985386883e-57
646,417280,1,32,0.0007567984268333316,6.7996599384843044e-68,2.9893064969510223e-56,9.862229387685927e-57
647,67072,1,128,0.0007673093825999977,6.937058792870408e-68,2.8259052320279295e-56,9.809362961329013e-57
648,322560,1,128,0.0007712461644666641,6.482865904302658e-68,2.7676657772091276e-56,9.455525309204118e-57
649,219136,1,32,0.0007762841355999978,7.001551071761472e-68,3.014868818579688e-56,1.0177153224403199e-56
650,99328,1,768,0.0009846971557333315,4.516521852962228e-68,1.954759719346887e-56,6.890759442321879e-57
651,342528,1,288,0.000790265102999997,6.092339724733182e-68,2.7179917603353655e-56,8.871434742633214e-57
652,413184,1,32,0.0007470070124666639,6.843372802706927e-68,2.9657112581737277e-56,9.998470694636701e-57
653,490496,1,32,0.0007723558614333306,6.610029171631032e-68,2.9385107746706256e-56,9.885828873454168e-57
654,154112,1,32,0.0008210868461666647,6.733860717226005e-68,3.0163588200997023e-56,1.0027360202258561e-56
655,175104,1,384,0.0008408390269666639,5.482526985982089e-68,2.2948915387694923e-56,7.908286986751328e-57
656,139264,1,64,0.0008087683690999986,7.507680998834535e-68,3.1344694308442876e-56,1.062644726228329e-56
657,197120,1,768,0.001050254059599998,4.507630888859909e-68,1.9587467734116448e-56,6.864116775905799e-57
658,302592,1,288,0.0008090585007666649,6.489147081556021e-68,2.691555397236077e-56,9.120619832405007e-57
659,327680,1,32,0.0007971692356333314,6.8834173545133145e-68,2.988025418567481e-56,1.0144508445216422e-56
660,198144,1,32,0.0007780757816999978,7.040212099732984e-68,2.999995207645912e-56,1.0180313475456606e-56
661,226304,1,768,0.0010380671132999982,4.4877661565606695e-68,1.9509719332344312e-56,6.769344766765948e-57
662,223232,1,224,0.0007785151647666656,6.2273084648844084e-68,2.6958539504320724e-56,9.187701876462772e-57
663,271872,1,32,0.0008073282530333311,6.780467319902396e-68,2.9809145668254857e-56,9.933435663789554e-57
664,409600,1,32,0.0007956250730999976,7.105953261430598e-68,2.929189408239939e-56,1.0029019925139172e-56
665,230400,1,32,0.000783447778433331,6.920398413151169e-68,3.0101002590820754e-56,9.959733286879556e-57
666,66560,1,32,0.000782594621966665,6.818777062051083e-68,3.005943469688445e-56,1.0091477758887072e-56
667,164352,1,32,0.0007642508162333315,6.736850944643971e-68,2.9904377295102633e-56,1.0026645467687912e-56
668,59904,1,768,0.000993593803333331,4.482908615098658e-68,1.9492004420896416e-56,6.829686822986885e-57
669,235008,1,32,0.0007926899659333321,6.89419243636415e-68,2.9975458083079538e-56,9.885498200732139e-57
670,150528,1,32,0.0008081753451666651,6.745937197279766e-68,2.9853106959697194e-56,9.971034345737582e-57
671,158720,1,32,0.0008025478975999987,6.688273606229219e-68,2.986644290431005e-56,1.0016008799858337e-56
672,298496,1,32,0.0007887667245999978,6.924826503091773e-68,2.9700090648963136e-56,9.952972695160797e-57
673,427520,1,32,0.0007829607575999976,7.039864671650186e-68,3.0168077686599814e-56,1.0063960618819186e-56
674,253952,1,32,0.0007933798733666647,6.838154491099435e-68,2.9772261192235786e-56,1.0144013637491885e-56
675,56320,1,128,0.000745291794966665,6.647032706206704e-68,2.7592168015126466e-56,9.375110753540907e-57
676,26112,1,32,0.0007814241422666643,7.041637047187942e-68,3.0457130534485585e-56,1.0159962961346668e-56
677,69632,1,32,0.0007849556138333315,6.888100817414078e-68,2.9654352690185262e-56,9.975801500704736e-57
678,134656,1,672,0.0010543387865666655,4.608534367850038e-68,1.9306273136751055e-56,6.867275898658549e-57
679,124928,1,608,0.0008310971848666641,5.241666953863606e-68,2.232710849964794e-56,7.689502278381852e-57
680,452608,1,32,0.000778124731299998,6.906986760224453e-68,3.006120085722274e-56,1.0028593800927337e-56
681,142336,1,64,0.0007747168508333313,7.800125954058429e-68,3.1482527656564828e-56,1.0505169213328576e-56
682,52224,1,256,0.0007693606506333311,5.991789211761147e-68,2.508945118067227e-56,8.792614526790363e-57
683,340480,1,32,0.0007474507088666655,6.678180151633998e-68,2.9264841286332605e-56,9.705221187186691e-57
684,241152,1,480,0.0008783155421999975,5.180074161880535e-68,2.242121754899698e-56,7.802264227335014e-57
685,109568,1,32,0.0007791544453999974,6.668222441864935e-68,2.9603475086649355e-56,9.889954203388762e-57
686,112640,1,32,0.0007818677332999973,6.97110927690282e-68,2.9775410980830843e-56,1.0133845345393004e-56
687,484352,1,960,0.0010913543997333323,4.493088774306513e-68,1.9345890044624762e-56,6.737788852804981e-57
688,41472,1,160,0.0007713862172333311,6.452206041269114e-68,2.688416922649057e-56,9.367500224738189e-57
689,191488,1,32,0.000800004581599997,6.748028674809313e-68,3.0351259012177375e-56,1.0028777262658857e-56
690,64000,1,128,0.0007701684254666634,6.8177623285836776e-68,2.7865503228579916e-56,9.469171503515179e-57
691,141824,1,32,0.0007813368871666646,6.861843264083902e-68,2.958438934186217e-56,1.0173329813187621e-56
692,8192,1,64,0.0007593088614666654,7.480845748823969e-68,3.113481645690436e-56,1.030880221515831e-56
693,41472,1,64,0.0007647561241333314,7.541456700392914e-68,3.1385465964221948e-56,1.0394301926437707e-56
694,407552,1,288,0.0007945840558333312,6.289759885019754e-68,2.701686976638758e-56,9.118593267893315e-57
695,219648,1,608,0.0008788436317666644,5.264246704065866e-68,2.2200760786470924e-56,7.662542102491836e-57
696,48640,1,32,0.0008089302557999981,6.681845245200961e-68,2.998264314623172e-56,1.0025426031201457e-56
697,99328,1,96,0.000795390347699998,7.761152104417716e-68,3.293052510357009e-56,1.0898449328502355e-56
698,78336,1,32,0.0007693908229333326,6.726816977694642e-68,3.027035009800272e-56,9.88224469532243e-57
699,84992,1,32,0.0008144808353666652,7.0204637490226844e-68,2.94148189339808e-56,9.75573103644296e-57
700,53248,1,32,0.000789030438599999,7.228433537437496e-68,3.0226923047684546e-56,1.0295197205112037e-56
701,282624,1,32,0.0007820453582333314,6.949668012767711e-68,3.0035802958171394e-56,9.984685867548822e-57
702,264192,1,32,0.000807495220933332,7.121560829868457e-68,2.9690591192256104e-56,9.822905862488852e-57
703,41472,1,768,0.000971960946833331,4.4786391062081755e-68,1.9445645170428966e-56,6.698226800667393e-57
704,122368,1,128,0.000782548847833331,6.7966058349938615e-68,2.7667808460863714e-56,9.475873628050836e-57
705,211456,1,32,0.000786664783733331,6.989385529737842e-68,3.054162529500167e-56,9.987679612907963e-57
706,223232,1,128,0.0007653932828666644,7.1131547418755895e-68,2.8204562838593696e-56,9.573794005550273e-57
707,72704,1,32,0.0007924035341999984,6.990855846925171e-68,2.9705310898358403e-56,9.950803522573328e-57
708,182272,1,32,0.0007973471904333306,6.89820006050993e-68,2.998501258085342e-56,1.0052368135123289e-56
709,75776,1,32,0.0007874487079666651,6.523911017247955e-68,2.9736757509143905e-56,9.843746141097549e-57
710,505856,1,32,0.0007622614318666646,6.756828506761549e-68,3.0238281664522857e-56,1.0088165226893837e-56
711,38912,1,32,0.0008075722529999978,7.018798366936887e-68,3.0017917217548384e-56,1.0312811612420074e-56
712,43008,1,288,0.0008064171875999976,6.2288120810771494e-68,2.7075991671866735e-56,9.018377699325225e-57
713,164352,1,96,0.0007318681907666642,7.541257736041693e-68,3.2529765026078085e-56,1.059920269794344e-56
714,250368,1,32,0.0007966685450666647,6.934362743837206e-68,2.975324367002806e-56,9.879550211622928e-57
715,500224,1,640,0.0009074725811333311,5.294444559900106e-68,2.2696841219084396e-56,7.874802149103543e-57
716,93696,1,96,0.0007800926694333316,7.537530123002525e-68,3.2230747099698225e-56,1.0774358804539381e-56
717,75264,1,32,0.0007932724653333304,6.7921979782351095e-68,2.965317675326806e-56,1.0090797832410297e-56
718,181760,1,32,0.0007723573601333314,6.816578952969118e-68,3.0215901105065963e-56,1.0128503687240203e-56
719,313856,1,32,0.0007607137638333311,7.115270607758476e-68,2.970899185577224e-56,1.0137520440944002e-56
720,80384,1,32,0.0007736928689333305,7.149754488879494e-68,2.9719137188752537e-56,9.993388574647169e-57
721,151040,1,768,0.0010435526194666651,4.451310412935324e-68,1.949197546314068e-56,6.844528621973034e-57
722,474112,1,32,0.0007586647399666651,6.74684035470108e-68,3.0131963353272573e-56,9.907027117457993e-57
723,11776,1,64,0.0007591344935333307,7.866299705173411e-68,3.181187961729186e-56,1.0559983779752452e-56
724,130048,1,32,0.0007532035760333313,6.5892949622449764e-68,2.9714905121949067e-56,9.92310848520669e-57
725,371200,1,32,0.0007844433454666644,6.762485683754764e-68,2.9328139064704192e-56,1.0086061025096851e-56
726,468992,1,32,0.0007643090535666645,6.880602863234776e-68,2.9993083259184274e-56,1.0207269834958334e-56
727,368128,1,32,0.0007808569775666644,6.852242194766556e-68,3.0133183460690315e-56,1.0074083061125935e-56
728,422912,1,32,0.0007755198694333317,6.98708482092726e-68,3.013438392281303e-56,1.003876242209379e-56
729,93184,1,32,0.0007802015758666645,6.751339247664606e-68,3.006546952183663e-56,1.0021407965322021e-56
730,149504,1,32,0.0007860347540666646,6.806711387358758e-68,2.9893691619336925e-56,9.821168780331782e-57
731,192512,1,32,0.0008007772955333316,6.80517419930058e-68,2.9936282786176764e-56,1.0044897540883412e-56
732,311808,1,32,0.0007722926995333313,6.997332108968743e-68,2.972414911075473e-56,1.0019786305038787e-56
733,252416,1,32,0.0007716823114999972,7.145855053068033e-68,2.991458967173377e-56,1.0156323166752136e-56
734,125952,1,32,0.0007837439819333312,6.965297296840972e-68,3.0520859465749007e-56,1.0245053804640528e-56
735,291840,1,32,0.0007914497147999982,6.793119235458387e-68,2.9548554164917633e-56,9.84080785002078e-57
736,138240,1,32,0.0007351147285999978,6.8805675097275065e-68,2.9751337446242494e-56,9.663193154234921e-57
737,136704,1,32,0.0007501877219333309,6.863146441231423e-68,2.981785635629015e-56,1.0051221652260865e-56
738,48640,1,64,0.0007569670295999982,7.419659976082961e-68,3.107728997502452e-56,1.0463465568859095e-56
739,207360,1,32,0.000789167102499997,7.19920415002649e-68,3.046616461584394e-56,1.0417682691793532e-56
740,187904,1,32,0.0007717612647333312,6.713303608246731e-68,3.000693242705711e-56,1.0047928053182272e-56
741,196096,1,992,0.0010787202072666644,4.409816141697266e-68,1.9327012973860155e-56,6.875243949450649e-57
742,47104,1,192,0.0007451574625333305,6.068501231479193e-68,2.5721316064331704e-56,8.854807411050603e-57
743,44544,1,32,0.0008012443368666644,6.840448122009919e-68,3.024386931084591e-56,1.0004974401395937e-56
744,78336,1,384,0.000831408697766665,5.521194279608245e-68,2.3417746210938914e-56,7.842068299851533e-57
745,200192,1,32,0.0007649368735666647,6.96783735899152e-68,2.9689594318048972e-56,1.0244998329080827e-56
746,210432,1,384,0.000814603410433331,5.58857622072999e-68,2.3408075891170216e-56,8.166826932822298e-57
747,60928,1,768,0.0010435137411999985,4.442116474718926e-68,1.9386924223244136e-56,6.807862219398691e-57
748,163328,1,32,0.0007686745729666648,6.919355070271243e-68,2.962852389651032e-56,1.007772914801259e-56
749,18944,1,64,0.000741018673833331,7.42354415279334e-68,3.102860460891956e-56,1.0375638851475997e-56
750,211456,1,128,0.0007751707506999978,6.793238218695985e-68,2.7856537938788076e-56,9.338963908267564e-57
751,111104,1,32,0.0007494920893333315,7.119454239084252e-68,2.989334037290249e-56,9.930945280926516e-57
752,492544,1,32,0.0007630254187666642,6.766716180773514e-68,2.962174698603248e-56,1.001455790888218e-56
753,316928,1,896,0.0010422433873333312,4.492863937515797e-68,1.949276138765731e-56,6.723358057927601e-57
754,369152,1,32,0.0007762165748666652,7.075132350200648e-68,3.0210216897508504e-56,1.0021086027264533e-56
755,76800,1,32,0.0008000723415333311,6.605412964540277e-68,2.999794390644997e-56,9.877599661683117e-57
756,99328,1,704,0.0010159231562999983,4.398749651887443e-68,1.943716001944784e-56,6.778029020546076e-57
757,75776,1,128,0.0007668715765999976,6.5538888710625555e-68,2.7633453901999645e-56,9.428843897242829e-57
758,17920,1,768,0.0009771402907999985,4.712011536926908e-68,1.9682267994095656e-56,6.905348375041786e-57
759,15872,1,640,0.0008877939534999975,5.3986221911887085e-68,2.2786589540785126e-56,7.897642842202371e-57
760,124928,1,32,0.0007713469163999984,6.864752462024853e-68,2.94615117559771e-56,9.992009983760189e-57
